<?xml version="1.0" encoding="UTF-8"?>
<!DOCTYPE platform PUBLIC "-//NetBeans//DTD Java PlatformDefinition 1.0//EN" "http://www.netbeans.org/dtds/java-platformdefinition-1_0.dtd">
<platform default="no" name="JDK 1.6">
    <jdkhome>
        <resource>file:/usr/lib/jvm/java-6-oracle/</resource>
    </jdkhome>
    <properties>
        <property name="platform.ant.name" value="JDK_1.6"/>
    </properties>
    <sysproperties>
        <property name="file.encoding" value="UTF-8"/>
        <property name="file.encoding.pkg" value="sun.io"/>
        <property name="file.separator" value="/"/>
        <property name="java.awt.graphicsenv" value="sun.awt.X11GraphicsEnvironment"/>
        <property name="java.awt.printerjob" value="sun.print.PSPrinterJob"/>
        <property name="java.class.path" value=""/>
        <property name="java.class.version" value="50.0"/>
        <property name="java.endorsed.dirs" value="/usr/lib/jvm/java-6-oracle/jre/lib/endorsed"/>
        <property name="java.ext.dirs" value="/usr/lib/jvm/java-6-oracle/jre/lib/ext:/usr/java/packages/lib/ext"/>
        <property name="java.home" value="/usr/lib/jvm/java-6-oracle/jre"/>
        <property name="java.io.tmpdir" value="/tmp"/>
        <property name="java.library.path" value="/usr/lib/jvm/java-6-oracle/jre/lib/amd64/server:/usr/lib/jvm/java-6-oracle/jre/lib/amd64:/usr/lib/jvm/java-6-oracle/jre/../lib/amd64:/home/cesar/jdk1.8.0_05/jre/lib/amd64:/home/cesar/jdk1.8.0_05/jre/lib/i386::/usr/java/packages/lib/amd64:/usr/lib64:/lib64:/lib:/usr/lib"/>
        <property name="java.runtime.name" value="Java(TM) SE Runtime Environment"/>
        <property name="java.runtime.version" value="1.6.0_45-b06"/>
        <property name="java.specification.name" value="Java Platform API Specification"/>
        <property name="java.specification.vendor" value="Sun Microsystems Inc."/>
        <property name="java.specification.version" value="1.6"/>
        <property name="java.vendor" value="Sun Microsystems Inc."/>
        <property name="java.vendor.url" value="http://java.sun.com/"/>
        <property name="java.vendor.url.bug" value="http://java.sun.com/cgi-bin/bugreport.cgi"/>
        <property name="java.version" value="1.6.0_45"/>
        <property name="java.vm.info" value="mixed mode"/>
        <property name="java.vm.name" value="Java HotSpot(TM) 64-Bit Server VM"/>
        <property name="java.vm.specification.name" value="Java Virtual Machine Specification"/>
        <property name="java.vm.specification.vendor" value="Sun Microsystems Inc."/>
        <property name="java.vm.specification.version" value="1.0"/>
        <property name="java.vm.vendor" value="Sun Microsystems Inc."/>
        <property name="java.vm.version" value="20.45-b01"/>
        <property name="line.separator" value="&#10;"/>
        <property name="os.arch" value="amd64"/>
        <property name="os.name" value="Linux"/>
        <property name="os.version" value="3.13.0-24-generic"/>
        <property name="path.separator" value=":"/>
        <property name="sun.arch.data.model" value="64"/>
        <property name="sun.boot.class.path" value="/usr/lib/jvm/java-6-oracle/jre/lib/resources.jar:/usr/lib/jvm/java-6-oracle/jre/lib/rt.jar:/usr/lib/jvm/java-6-oracle/jre/lib/sunrsasign.jar:/usr/lib/jvm/java-6-oracle/jre/lib/jsse.jar:/usr/lib/jvm/java-6-oracle/jre/lib/jce.jar:/usr/lib/jvm/java-6-oracle/jre/lib/charsets.jar:/usr/lib/jvm/java-6-oracle/jre/lib/modules/jdk.boot.jar:/usr/lib/jvm/java-6-oracle/jre/classes"/>
        <property name="sun.boot.library.path" value="/usr/lib/jvm/java-6-oracle/jre/lib/amd64"/>
        <property name="sun.cpu.endian" value="little"/>
        <property name="sun.cpu.isalist" value=""/>
        <property name="sun.desktop" value="gnome"/>
        <property name="sun.io.unicode.encoding" value="UnicodeLittle"/>
        <property name="sun.java.command" value="org.netbeans.modules.java.j2seplatform.wizard.SDKProbe /tmp/nb-platformdetect7954506563125766506properties"/>
        <property name="sun.java.launcher" value="SUN_STANDARD"/>
        <property name="sun.jnu.encoding" value="UTF-8"/>
        <property name="sun.management.compiler" value="HotSpot 64-Bit Tiered Compilers"/>
        <property name="sun.os.patch.level" value="unknown"/>
        <property name="user.country" value="US"/>
        <property name="user.dir" value=""/>
        <property name="user.home" value="/home/cesar"/>
        <property name="user.language" value="en"/>
        <property name="user.name" value="cesar"/>
        <property name="user.timezone" value="America/Los_Angeles"/>
    </sysproperties>
    <sources>
        <resource>jar:file:/usr/lib/jvm/java-6-oracle/src.zip!/</resource>
    </sources>
    <javadoc>
        <resource>http://docs.oracle.com/javase/6/docs/api/</resource>
    </javadoc>
</platform>
