<?xml version="1.0" encoding="UTF-8"?>
            <changes>
        

         
<!--Search for dates that are later or equal to 2014-8-25 in
          org-apache-tools-ant-module/apichanges.html-->
<!--Checking date 2013-10-2 with count of newer 0-->
<!--Checking date 2013-9-26 with count of newer 1-->
<!--Checking date 2012-1-18 with count of newer 2-->
<!--Checking date 2011-12-15 with count of newer 3-->
<!--Checking date 2009-3-16 with count of newer 4-->
<!--Checking date 2008-6-12 with count of newer 5-->
<!--Checking date 2008-3-6 with count of newer 6-->
<!--Checking date 2006-10-14 with count of newer 7-->
<!--Checking date 2006-6-20 with count of newer 8-->
<!--Checking date 2005-3-23 with count of newer 9-->
<!--Checking date 2005-3-21 with count of newer 10-->
<!--Checking date 2004-6-11 with count of newer 11-->
<!--Checking date 2004-6-3 with count of newer 12-->
<!--Checking date 2004-5-11 with count of newer 13-->
<!--Checking date 2004-4-30 with count of newer 14-->
<!--Checking date 2004-3-21 with count of newer 15-->
<!--Checking date 2004-3-16 with count of newer 16-->
<!--Checking date 2004-3-16 with count of newer 16-->
<!--Checking date 2004-1-7 with count of newer 18-->
<!--Checking date 2003-11-8 with count of newer 19-->
<!--Checking date 2003-7-7 with count of newer 20-->
<!--Checking date 2003-1-27 with count of newer 21-->
<!--Checking date 2003-1-27 with count of newer 21-->
<!--Checking date 2003-1-7 with count of newer 23-->
<!--Checking date 2002-6-27 with count of newer 24-->

         
<!--Search for dates that are later or equal to 2014-8-25 in
          org-netbeans-api-annotations-common/apichanges.html-->
<!--Checking date 2013-2-1 with count of newer 0-->
<!--Checking date 2011-11-28 with count of newer 1-->
<!--Checking date 2009-1-22 with count of newer 2-->

         
<!--Search for dates that are later or equal to 2014-8-25 in
          org-netbeans-api-debugger/apichanges.html-->
<!--Checking date 2014-9-8 with count of newer 0--><!--year equal--><!--month ok-->
<change id="SessionBridge" url="org-netbeans-api-debugger/apichanges.html"><api name="DebuggerCoreAPI"/><summary>A session bridge introduced to handle mixed languages debugging.</summary><version major="1" minor="48"/><date day="8" month="9" year="2014"/><author login="mentlicher"/><compatibility addition="yes" source="compatible" binary="compatible" semantic="compatible" deprecation="no" deletion="no" modification="no"/><description>
            <code>SessionBridge</code> class introduced. This class allows to
            suggest that some debug action can be handled by a different debugging
            session. The handlers can be registered via implementations of
            <code>SessionChanger</code> interface.
        </description><class package="org.netbeans.api.debugger" name="SessionBridge" link="yes"/><issue number="246819"/></change>
<!--Checking date 2012-3-27 with count of newer 1-->
<!--Checking date 2011-12-19 with count of newer 2-->
<!--Checking date 2010-11-12 with count of newer 3-->
<!--Checking date 2010-9-10 with count of newer 4-->
<!--Checking date 2010-2-28 with count of newer 5-->
<!--Checking date 2010-2-23 with count of newer 6-->
<!--Checking date 2010-2-11 with count of newer 7-->
<!--Checking date 2009-12-15 with count of newer 8-->
<!--Checking date 2009-2-28 with count of newer 9-->
<!--Checking date 2009-2-28 with count of newer 9-->
<!--Checking date 2009-2-2 with count of newer 11-->
<!--Checking date 2008-3-1 with count of newer 12-->
<!--Checking date 2007-5-21 with count of newer 13-->
<!--Checking date 2007-2-21 with count of newer 14-->
<!--Checking date 2007-2-1 with count of newer 15-->
<!--Checking date 2005-8-24 with count of newer 16-->
<!--Checking date 2004-11-23 with count of newer 17-->
<!--Checking date 2004-5-13 with count of newer 18-->
<!--Checking date 2004-5-9 with count of newer 19-->
<!--Checking date 2004-5-3 with count of newer 20-->
<!--Checking date 2004-4-29 with count of newer 21-->

         
<!--Search for dates that are later or equal to 2014-8-25 in
          org-netbeans-api-debugger-jpda/apichanges.html-->
<!--Checking date 2014-9-8 with count of newer 0--><!--year equal--><!--month ok-->
<change id="issue-246819" url="org-netbeans-api-debugger-jpda/apichanges.html"><api name="JPDADebuggerAPI"/><summary>Add information about native methods into EditorContext.Operation.</summary><version major="2" minor="51"/><date day="8" month="9" year="2014"/><author login="mentlicher"/><compatibility addition="yes" source="compatible" binary="compatible" semantic="compatible" deprecation="no" deletion="no" modification="no"/><description>
            A new method <code>createMethodOperation()</code>, which takes
            <code>boolean isNative</code> is added to <code>EditorContext</code>
            class. The <code>EditorContext.Operation</code> has <code>isNative()</code>
            method to retrieve that information. The implementation retrieves the
            native flag from parser information, therefore there can occur native
            methods at runtime, which are not marked as native by this flag.
        </description><class package="org.netbeans.spi.debugger.jpda" name="EditorContext" link="yes"/><issue number="246819"/></change>
<!--Checking date 2013-10-24 with count of newer 1-->
<!--Checking date 2013-4-30 with count of newer 2-->
<!--Checking date 2013-2-27 with count of newer 3-->
<!--Checking date 2013-2-19 with count of newer 4-->
<!--Checking date 2012-8-4 with count of newer 5-->
<!--Checking date 2010-3-23 with count of newer 6-->
<!--Checking date 2010-2-14 with count of newer 7-->
<!--Checking date 2009-9-10 with count of newer 8-->
<!--Checking date 2009-2-2 with count of newer 9-->
<!--Checking date 2009-1-13 with count of newer 10-->
<!--Checking date 2008-6-2 with count of newer 11-->
<!--Checking date 2007-5-21 with count of newer 12-->
<!--Checking date 2007-5-21 with count of newer 12-->
<!--Checking date 2007-4-5 with count of newer 14-->
<!--Checking date 2007-3-28 with count of newer 15-->
<!--Checking date 2007-2-1 with count of newer 16-->
<!--Checking date 2006-8-30 with count of newer 17-->
<!--Checking date 2006-7-12 with count of newer 18-->
<!--Checking date 2006-5-3 with count of newer 19-->
<!--Checking date 2005-11-3 with count of newer 20-->
<!--Checking date 2005-8-18 with count of newer 21-->
<!--Checking date 2005-8-12 with count of newer 22-->
<!--Checking date 2005-6-29 with count of newer 23-->
<!--Checking date 2005-2-15 with count of newer 24-->
<!--Checking date 2004-10-18 with count of newer 25-->
<!--Checking date 2004-10-13 with count of newer 26-->
<!--Checking date 2004-10-8 with count of newer 27-->
<!--Checking date 2004-6-8 with count of newer 28-->
<!--Checking date 2004-6-8 with count of newer 28-->
<!--Checking date 2004-6-1 with count of newer 30-->
<!--Checking date 2004-6-1 with count of newer 30-->
<!--Checking date 2004-5-25 with count of newer 32-->
<!--Checking date 2004-5-17 with count of newer 33-->
<!--Checking date 2004-5-16 with count of newer 34-->
<!--Checking date 2004-5-11 with count of newer 35-->
<!--Checking date 2004-5-10 with count of newer 36-->
<!--Checking date 2004-5-9 with count of newer 37-->
<!--Checking date 2004-5-4 with count of newer 38-->
<!--Checking date 2004-5-3 with count of newer 39-->
<!--Checking date 2004-4-20 with count of newer 40-->

         
<!--Search for dates that are later or equal to 2014-8-25 in
          org-netbeans-api-java/apichanges.html-->
<!--Checking date 2013-7-22 with count of newer 0-->
<!--Checking date 2013-4-10 with count of newer 1-->
<!--Checking date 2013-3-5 with count of newer 2-->
<!--Checking date 2012-6-7 with count of newer 3-->
<!--Checking date 2012-5-23 with count of newer 4-->
<!--Checking date 2011-8-11 with count of newer 5-->
<!--Checking date 2010-7-8 with count of newer 6-->
<!--Checking date 2010-4-15 with count of newer 7-->
<!--Checking date 2010-3-4 with count of newer 8-->
<!--Checking date 2010-1-27 with count of newer 9-->
<!--Checking date 2009-10-18 with count of newer 10-->
<!--Checking date 2008-6-5 with count of newer 11-->
<!--Checking date 2008-3-17 with count of newer 12-->
<!--Checking date 2008-3-13 with count of newer 13-->
<!--Checking date 2008-3-10 with count of newer 14-->
<!--Checking date 2007-3-1 with count of newer 15-->
<!--Checking date 2007-2-8 with count of newer 16-->
<!--Checking date 2004-11-8 with count of newer 17-->
<!--Checking date 2004-4-27 with count of newer 18-->
<!--Checking date 2004-3-16 with count of newer 19-->
<!--Checking date 2004-3-16 with count of newer 19-->
<!--Checking date 2004-3-16 with count of newer 19-->
<!--Checking date 2003-2-21 with count of newer 22-->
<!--Checking date 2002-12-9 with count of newer 23-->

         
<!--Search for dates that are later or equal to 2014-8-25 in
          org-netbeans-api-java-classpath/apichanges.html-->
<!--Checking date 2010-2-5 with count of newer 0-->
<!--Checking date 2008-6-5 with count of newer 1-->
<!--Checking date 2008-3-17 with count of newer 2-->
<!--Checking date 2008-3-13 with count of newer 3-->
<!--Checking date 2008-3-10 with count of newer 4-->
<!--Checking date 2007-3-1 with count of newer 5-->
<!--Checking date 2007-2-8 with count of newer 6-->
<!--Checking date 2004-3-16 with count of newer 7-->
<!--Checking date 2004-3-16 with count of newer 7-->
<!--Checking date 2003-2-21 with count of newer 9-->
<!--Checking date 2002-12-9 with count of newer 10-->

         
<!--Search for dates that are later or equal to 2014-8-25 in
          org-netbeans-api-maven/apichanges.html-->
<!--Checking date 2014-7-17 with count of newer 0--><!--year equal-->

         
<!--Search for dates that are later or equal to 2014-8-25 in
          org-netbeans-api-progress/apichanges.html-->
<!--Checking date 2012-8-28 with count of newer 0-->
<!--Checking date 2010-2-8 with count of newer 1-->
<!--Checking date 2010-1-8 with count of newer 2-->
<!--Checking date 2009-11-2 with count of newer 3-->
<!--Checking date 2006-10-23 with count of newer 4-->
<!--Checking date 2006-8-3 with count of newer 5-->
<!--Checking date 2006-7-24 with count of newer 6-->
<!--Checking date 2005-11-25 with count of newer 7-->
<!--Checking date 2005-10-19 with count of newer 8-->
<!--Checking date 2005-9-26 with count of newer 9-->
<!--Checking date 2005-5-4 with count of newer 10-->

         
<!--Search for dates that are later or equal to 2014-8-25 in
          org-netbeans-api-search/apichanges.html-->
<!--Checking date 2013-2-6 with count of newer 0-->
<!--Checking date 2013-1-29 with count of newer 1-->
<!--Checking date 2013-1-29 with count of newer 1-->
<!--Checking date 2012-11-20 with count of newer 3-->
<!--Checking date 2012-6-25 with count of newer 4-->
<!--Checking date 2012-4-27 with count of newer 5-->
<!--Checking date 2012-4-20 with count of newer 6-->
<!--Checking date 2012-4-20 with count of newer 6-->

         
<!--Search for dates that are later or equal to 2014-8-25 in
          org-netbeans-api-visual/apichanges.html-->
<!--Checking date 2013-7-24 with count of newer 0-->
<!--Checking date 2012-11-29 with count of newer 1-->
<!--Checking date 2010-5-17 with count of newer 2-->
<!--Checking date 2008-9-7 with count of newer 3-->
<!--Checking date 2008-8-25 with count of newer 4-->
<!--Checking date 2008-6-24 with count of newer 5-->
<!--Checking date 2008-4-29 with count of newer 6-->
<!--Checking date 2008-4-22 with count of newer 7-->
<!--Checking date 2008-4-22 with count of newer 7-->
<!--Checking date 2008-3-12 with count of newer 9-->
<!--Checking date 2008-3-12 with count of newer 9-->
<!--Checking date 2008-2-26 with count of newer 11-->
<!--Checking date 2008-2-26 with count of newer 11-->
<!--Checking date 2007-8-31 with count of newer 13-->
<!--Checking date 2007-8-21 with count of newer 14-->
<!--Checking date 2007-8-10 with count of newer 15-->
<!--Checking date 2007-8-10 with count of newer 15-->
<!--Checking date 2007-8-10 with count of newer 15-->
<!--Checking date 2007-8-10 with count of newer 15-->
<!--Checking date 2007-8-10 with count of newer 15-->
<!--Checking date 2007-8-10 with count of newer 15-->
<!--Checking date 2007-8-1 with count of newer 21-->
<!--Checking date 2007-8-1 with count of newer 21-->
<!--Checking date 2007-8-1 with count of newer 21-->
<!--Checking date 2007-8-1 with count of newer 21-->
<!--Checking date 2007-8-1 with count of newer 21-->
<!--Checking date 2007-8-1 with count of newer 21-->
<!--Checking date 2007-8-1 with count of newer 21-->
<!--Checking date 2007-6-25 with count of newer 28-->
<!--Checking date 2007-6-25 with count of newer 28-->
<!--Checking date 2007-6-8 with count of newer 30-->
<!--Checking date 2007-6-8 with count of newer 30-->
<!--Checking date 2007-6-8 with count of newer 30-->
<!--Checking date 2007-6-8 with count of newer 30-->
<!--Checking date 2007-6-5 with count of newer 34-->
<!--Checking date 2007-6-5 with count of newer 34-->
<!--Checking date 2007-6-5 with count of newer 34-->
<!--Checking date 2007-6-5 with count of newer 34-->
<!--Checking date 2007-6-4 with count of newer 38-->
<!--Checking date 2007-4-10 with count of newer 39-->
<!--Checking date 2007-4-10 with count of newer 39-->
<!--Checking date 2007-4-3 with count of newer 41-->
<!--Checking date 2007-4-3 with count of newer 41-->
<!--Checking date 2007-3-13 with count of newer 43-->
<!--Checking date 2007-3-9 with count of newer 44-->
<!--Checking date 2007-3-9 with count of newer 44-->
<!--Checking date 2007-3-9 with count of newer 44-->
<!--Checking date 2007-3-8 with count of newer 47-->

         
<!--Search for dates that are later or equal to 2014-8-25 in
          org-netbeans-api-xml/apichanges.html-->
<!--Checking date 2002-7-19 with count of newer 0-->
<!--Checking date 2002-6-17 with count of newer 1-->
<!--Checking date 2002-6-5 with count of newer 2-->
<!--Checking date 2002-6-5 with count of newer 2-->
<!--Checking date 2002-6-5 with count of newer 2-->
<!--Checking date 2002-5-31 with count of newer 5-->
<!--Checking date 2002-5-31 with count of newer 5-->
<!--Checking date 2002-5-27 with count of newer 7-->
<!--Checking date 2002-5-23 with count of newer 8-->
<!--Checking date 2002-5-23 with count of newer 8-->
<!--Checking date 2002-5-23 with count of newer 8-->
<!--Checking date 2002-5-23 with count of newer 8-->
<!--Checking date 2002-5-6 with count of newer 12-->
<!--Checking date 2002-5-1 with count of newer 13-->
<!--Checking date 2002-5-1 with count of newer 13-->
<!--Checking date 2002-5-1 with count of newer 13-->
<!--Checking date 2002-4-30 with count of newer 16-->
<!--Checking date 2002-4-30 with count of newer 16-->
<!--Checking date 2002-4-26 with count of newer 18-->

         
<!--Search for dates that are later or equal to 2014-8-25 in
          org-netbeans-core-ide/apichanges.html-->
<!--Checking date 2009-4-1 with count of newer 0-->

         
<!--Search for dates that are later or equal to 2014-8-25 in
          org-netbeans-core-multiview/apichanges.html-->
<!--Checking date 2013-12-5 with count of newer 0-->
<!--Checking date 2013-4-17 with count of newer 1-->
<!--Checking date 2011-12-9 with count of newer 2-->
<!--Checking date 2011-7-18 with count of newer 3-->
<!--Checking date 2011-6-1 with count of newer 4-->
<!--Checking date 2011-6-1 with count of newer 4-->
<!--Checking date 2011-6-1 with count of newer 4-->
<!--Checking date 2007-9-14 with count of newer 7-->
<!--Checking date 2004-5-4 with count of newer 8-->

         
<!--Search for dates that are later or equal to 2014-8-25 in
          org-netbeans-lib-uihandler/apichanges.html-->
<!--Checking date 2013-5-10 with count of newer 0-->
<!--Checking date 2008-6-17 with count of newer 1-->
<!--Checking date 2007-7-30 with count of newer 2-->
<!--Checking date 2007-4-17 with count of newer 3-->
<!--Checking date 2007-3-10 with count of newer 4-->

         
<!--Search for dates that are later or equal to 2014-8-25 in
          org-netbeans-modules-autoupdate-services/apichanges.html-->
<!--Checking date 2012-10-31 with count of newer 0-->
<!--Checking date 2012-5-16 with count of newer 1-->
<!--Checking date 2012-5-16 with count of newer 1-->
<!--Checking date 2012-5-16 with count of newer 1-->
<!--Checking date 2012-5-16 with count of newer 1-->
<!--Checking date 2012-5-14 with count of newer 5-->
<!--Checking date 2011-2-10 with count of newer 6-->
<!--Checking date 2011-1-10 with count of newer 7-->
<!--Checking date 2009-8-19 with count of newer 8-->
<!--Checking date 2009-4-15 with count of newer 9-->

         
<!--Search for dates that are later or equal to 2014-8-25 in
          org-netbeans-modules-autoupdate-ui/apichanges.html-->
<!--Checking date 2013-2-13 with count of newer 0-->
<!--Checking date 2011-2-15 with count of newer 1-->

         
<!--Search for dates that are later or equal to 2014-8-25 in
          org-netbeans-modules-db/apichanges.html-->
<!--Checking date 2013-6-10 with count of newer 0-->
<!--Checking date 2013-2-13 with count of newer 1-->
<!--Checking date 2010-11-22 with count of newer 2-->
<!--Checking date 2009-5-6 with count of newer 3-->
<!--Checking date 2008-8-27 with count of newer 4-->
<!--Checking date 2008-8-15 with count of newer 5-->
<!--Checking date 2008-6-27 with count of newer 6-->
<!--Checking date 2008-6-27 with count of newer 6-->
<!--Checking date 2008-6-26 with count of newer 8-->
<!--Checking date 2008-2-26 with count of newer 9-->
<!--Checking date 2007-11-1 with count of newer 10-->
<!--Checking date 2007-10-5 with count of newer 11-->
<!--Checking date 2007-9-12 with count of newer 12-->
<!--Checking date 2007-6-17 with count of newer 13-->
<!--Checking date 2006-7-20 with count of newer 14-->
<!--Checking date 2006-3-17 with count of newer 15-->
<!--Checking date 2005-9-12 with count of newer 16-->

         
<!--Search for dates that are later or equal to 2014-8-25 in
          org-netbeans-modules-diff/apichanges.html-->
<!--Checking date 2010-3-4 with count of newer 0-->
<!--Checking date 2009-7-7 with count of newer 1-->
<!--Checking date 2007-4-17 with count of newer 2-->
<!--Checking date 2007-2-21 with count of newer 3-->
<!--Checking date 2005-5-23 with count of newer 4-->
<!--Checking date 2002-4-24 with count of newer 5-->
<!--Checking date 2002-4-24 with count of newer 5-->
<!--Checking date 2002-2-18 with count of newer 7-->

         
<!--Search for dates that are later or equal to 2014-8-25 in
          org-netbeans-modules-editor-codetemplates/apichanges.html-->
<!--Checking date 2013-5-3 with count of newer 0-->
<!--Checking date 2005-7-27 with count of newer 1-->

         
<!--Search for dates that are later or equal to 2014-8-25 in
          org-netbeans-modules-editor-completion/apichanges.html-->
<!--Checking date 2013-9-24 with count of newer 0-->
<!--Checking date 2008-2-7 with count of newer 1-->
<!--Checking date 2007-6-27 with count of newer 2-->
<!--Checking date 2007-4-17 with count of newer 3-->
<!--Checking date 2005-11-8 with count of newer 4-->
<!--Checking date 2005-11-8 with count of newer 4-->
<!--Checking date 2005-11-8 with count of newer 4-->
<!--Checking date 2005-7-27 with count of newer 7-->

         
<!--Search for dates that are later or equal to 2014-8-25 in
          org-netbeans-modules-editor-errorstripe-api/apichanges.html-->

         
<!--Search for dates that are later or equal to 2014-8-25 in
          org-netbeans-modules-editor-fold/apichanges.html-->
<!--Checking date 2013-3-12 with count of newer 0-->
<!--Checking date 2013-3-8 with count of newer 1-->
<!--Checking date 2008-3-3 with count of newer 2-->

         
<!--Search for dates that are later or equal to 2014-8-25 in
          org-netbeans-modules-editor-guards/apichanges.html-->
<!--Checking date 2012-11-25 with count of newer 0-->
<!--Checking date 2007-6-19 with count of newer 1-->

         
<!--Search for dates that are later or equal to 2014-8-25 in
          org-netbeans-modules-editor-lib2/apichanges.html-->
<!--Checking date 2013-4-16 with count of newer 0-->
<!--Checking date 2013-3-8 with count of newer 1-->
<!--Checking date 2013-3-1 with count of newer 2-->
<!--Checking date 2013-2-17 with count of newer 3-->
<!--Checking date 2013-2-15 with count of newer 4-->
<!--Checking date 2013-1-30 with count of newer 5-->
<!--Checking date 2012-9-5 with count of newer 6-->
<!--Checking date 2012-4-24 with count of newer 7-->
<!--Checking date 2012-3-27 with count of newer 8-->
<!--Checking date 2011-11-14 with count of newer 9-->
<!--Checking date 2011-7-16 with count of newer 10-->
<!--Checking date 2010-8-5 with count of newer 11-->
<!--Checking date 2010-3-26 with count of newer 12-->
<!--Checking date 2010-3-4 with count of newer 13-->
<!--Checking date 2009-7-1 with count of newer 14-->
<!--Checking date 2009-5-15 with count of newer 15-->
<!--Checking date 2009-4-7 with count of newer 16-->
<!--Checking date 2008-4-30 with count of newer 17-->
<!--Checking date 2007-9-13 with count of newer 18-->
<!--Checking date 2007-6-7 with count of newer 19-->
<!--Checking date 2007-1-26 with count of newer 20-->
<!--Checking date 2006-8-1 with count of newer 21-->

         
<!--Search for dates that are later or equal to 2014-8-25 in
          org-netbeans-modules-editor-mimelookup/apichanges.html-->
<!--Checking date 2013-2-27 with count of newer 0-->
<!--Checking date 2010-10-4 with count of newer 1-->
<!--Checking date 2010-10-4 with count of newer 1-->
<!--Checking date 2007-9-18 with count of newer 3-->
<!--Checking date 2007-6-28 with count of newer 4-->

         
<!--Search for dates that are later or equal to 2014-8-25 in
          org-netbeans-modules-editor-settings/apichanges.html-->
<!--Checking date 2012-8-28 with count of newer 0-->
<!--Checking date 2012-7-5 with count of newer 1-->
<!--Checking date 2012-4-12 with count of newer 2-->
<!--Checking date 2010-6-9 with count of newer 3-->
<!--Checking date 2010-3-4 with count of newer 4-->
<!--Checking date 2010-3-4 with count of newer 4-->
<!--Checking date 2009-2-16 with count of newer 6-->
<!--Checking date 2008-8-28 with count of newer 7-->
<!--Checking date 2008-6-3 with count of newer 8-->
<!--Checking date 2008-5-27 with count of newer 9-->
<!--Checking date 2008-5-26 with count of newer 10-->
<!--Checking date 2008-5-13 with count of newer 11-->
<!--Checking date 2008-2-28 with count of newer 12-->
<!--Checking date 2008-2-14 with count of newer 13-->
<!--Checking date 2007-9-13 with count of newer 14-->
<!--Checking date 2007-6-15 with count of newer 15-->
<!--Checking date 2007-6-10 with count of newer 16-->
<!--Checking date 2007-1-26 with count of newer 17-->
<!--Checking date 2007-1-4 with count of newer 18-->
<!--Checking date 2006-11-13 with count of newer 19-->
<!--Checking date 2006-11-8 with count of newer 20-->
<!--Checking date 2005-8-26 with count of newer 21-->

         
<!--Search for dates that are later or equal to 2014-8-25 in
          org-netbeans-modules-extexecution/apichanges.html-->
<!--Checking date 2012-9-21 with count of newer 0-->
<!--Checking date 2012-8-31 with count of newer 1-->
<!--Checking date 2012-2-7 with count of newer 2-->
<!--Checking date 2011-12-20 with count of newer 3-->
<!--Checking date 2011-11-21 with count of newer 4-->
<!--Checking date 2010-2-17 with count of newer 5-->
<!--Checking date 2009-7-1 with count of newer 6-->
<!--Checking date 2008-11-20 with count of newer 7-->
<!--Checking date 2008-7-1 with count of newer 8-->
<!--Checking date 2008-4-7 with count of newer 9-->

         
<!--Search for dates that are later or equal to 2014-8-25 in
          org-netbeans-modules-java-platform/apichanges.html-->
<!--Checking date 2012-6-13 with count of newer 0-->
<!--Checking date 2006-4-12 with count of newer 1-->
<!--Checking date 2005-7-27 with count of newer 2-->
<!--Checking date 2004-12-22 with count of newer 3-->

         
<!--Search for dates that are later or equal to 2014-8-25 in
          org-netbeans-modules-java-project/apichanges.html-->
<!--Checking date 2013-7-30 with count of newer 0-->
<!--Checking date 2013-7-4 with count of newer 1-->
<!--Checking date 2013-4-12 with count of newer 2-->
<!--Checking date 2013-3-28 with count of newer 3-->
<!--Checking date 2012-7-24 with count of newer 4-->
<!--Checking date 2012-5-20 with count of newer 5-->
<!--Checking date 2011-8-22 with count of newer 6-->
<!--Checking date 2011-7-25 with count of newer 7-->
<!--Checking date 2011-3-27 with count of newer 8-->
<!--Checking date 2011-3-7 with count of newer 9-->
<!--Checking date 2011-2-2 with count of newer 10-->
<!--Checking date 2010-1-15 with count of newer 11-->
<!--Checking date 2009-10-19 with count of newer 12-->
<!--Checking date 2009-2-18 with count of newer 13-->
<!--Checking date 2008-9-29 with count of newer 14-->
<!--Checking date 2008-7-22 with count of newer 15-->
<!--Checking date 2008-5-19 with count of newer 16-->
<!--Checking date 2008-3-27 with count of newer 17-->
<!--Checking date 2008-2-11 with count of newer 18-->
<!--Checking date 2008-2-7 with count of newer 19-->
<!--Checking date 2008-1-21 with count of newer 20-->
<!--Checking date 2007-3-1 with count of newer 21-->
<!--Checking date 2007-1-30 with count of newer 22-->
<!--Checking date 2006-5-15 with count of newer 23-->
<!--Checking date 2005-8-28 with count of newer 24-->
<!--Checking date 2005-5-11 with count of newer 25-->
<!--Checking date 2005-4-20 with count of newer 26-->
<!--Checking date 2005-3-21 with count of newer 27-->
<!--Checking date 2005-1-10 with count of newer 28-->
<!--Checking date 2005-1-6 with count of newer 29-->
<!--Checking date 2005-1-5 with count of newer 30-->
<!--Checking date 2004-12-22 with count of newer 31-->

         
<!--Search for dates that are later or equal to 2014-8-25 in
          org-netbeans-modules-java-source/apichanges.html-->
<!--Checking date 2014-7-15 with count of newer 0--><!--year equal-->
<!--Checking date 2014-7-10 with count of newer 1--><!--year equal-->
<!--Checking date 2013-11-19 with count of newer 2-->
<!--Checking date 2013-8-20 with count of newer 3-->
<!--Checking date 2013-5-27 with count of newer 4-->
<!--Checking date 2013-5-16 with count of newer 5-->
<!--Checking date 2013-5-3 with count of newer 6-->
<!--Checking date 2013-4-30 with count of newer 7-->
<!--Checking date 2013-4-12 with count of newer 8-->
<!--Checking date 2013-3-22 with count of newer 9-->
<!--Checking date 2013-2-28 with count of newer 10-->
<!--Checking date 2013-2-13 with count of newer 11-->
<!--Checking date 2012-12-31 with count of newer 12-->
<!--Checking date 2012-4-11 with count of newer 13-->
<!--Checking date 2012-4-5 with count of newer 14-->
<!--Checking date 2012-3-13 with count of newer 15-->
<!--Checking date 2012-3-13 with count of newer 15-->
<!--Checking date 2012-3-13 with count of newer 15-->
<!--Checking date 2012-2-21 with count of newer 18-->
<!--Checking date 2012-1-26 with count of newer 19-->
<!--Checking date 2012-1-26 with count of newer 19-->
<!--Checking date 2011-11-30 with count of newer 21-->
<!--Checking date 2011-11-7 with count of newer 22-->
<!--Checking date 2011-10-26 with count of newer 23-->
<!--Checking date 2011-10-20 with count of newer 24-->
<!--Checking date 2011-8-29 with count of newer 25-->
<!--Checking date 2011-8-26 with count of newer 26-->
<!--Checking date 2011-8-1 with count of newer 27-->
<!--Checking date 2011-7-13 with count of newer 28-->
<!--Checking date 2011-6-22 with count of newer 29-->
<!--Checking date 2011-6-1 with count of newer 30-->
<!--Checking date 2011-4-26 with count of newer 31-->
<!--Checking date 2011-1-21 with count of newer 32-->
<!--Checking date 2010-12-10 with count of newer 33-->
<!--Checking date 2010-11-12 with count of newer 34-->
<!--Checking date 2010-10-12 with count of newer 35-->
<!--Checking date 2010-9-27 with count of newer 36-->
<!--Checking date 2010-9-16 with count of newer 37-->
<!--Checking date 2010-9-8 with count of newer 38-->
<!--Checking date 2010-7-13 with count of newer 39-->
<!--Checking date 2010-3-2 with count of newer 40-->
<!--Checking date 2010-2-24 with count of newer 41-->
<!--Checking date 2009-10-27 with count of newer 42-->
<!--Checking date 2009-8-14 with count of newer 43-->
<!--Checking date 2009-8-12 with count of newer 44-->
<!--Checking date 2009-8-6 with count of newer 45-->
<!--Checking date 2009-5-7 with count of newer 46-->
<!--Checking date 2009-3-31 with count of newer 47-->
<!--Checking date 2008-11-24 with count of newer 48-->
<!--Checking date 2008-8-13 with count of newer 49-->
<!--Checking date 2008-7-7 with count of newer 50-->
<!--Checking date 2008-6-25 with count of newer 51-->
<!--Checking date 2008-5-6 with count of newer 52-->
<!--Checking date 2008-3-25 with count of newer 53-->
<!--Checking date 2008-3-15 with count of newer 54-->
<!--Checking date 2008-1-25 with count of newer 55-->
<!--Checking date 2007-12-21 with count of newer 56-->
<!--Checking date 2007-12-14 with count of newer 57-->
<!--Checking date 2007-11-26 with count of newer 58-->
<!--Checking date 2007-6-15 with count of newer 59-->
<!--Checking date 2007-6-15 with count of newer 59-->
<!--Checking date 2007-6-15 with count of newer 59-->
<!--Checking date 2007-6-15 with count of newer 59-->
<!--Checking date 2007-6-13 with count of newer 63-->
<!--Checking date 2007-6-5 with count of newer 64-->
<!--Checking date 2007-4-24 with count of newer 65-->
<!--Checking date 2007-4-19 with count of newer 66-->
<!--Checking date 2007-4-13 with count of newer 67-->
<!--Checking date 2007-4-4 with count of newer 68-->
<!--Checking date 2007-3-26 with count of newer 69-->
<!--Checking date 2007-3-18 with count of newer 70-->

         
<!--Search for dates that are later or equal to 2014-8-25 in
          org-netbeans-modules-java-sourceui/apichanges.html-->
<!--Checking date 2011-9-20 with count of newer 0-->
<!--Checking date 2011-2-21 with count of newer 1-->
<!--Checking date 2010-6-29 with count of newer 2-->
<!--Checking date 2008-1-25 with count of newer 3-->
<!--Checking date 2007-7-18 with count of newer 4-->

         
<!--Search for dates that are later or equal to 2014-8-25 in
          org-netbeans-modules-javahelp/apichanges.html-->
<!--Checking date 2013-8-19 with count of newer 0-->
<!--Checking date 2010-11-8 with count of newer 1-->
<!--Checking date 2004-5-5 with count of newer 2-->

         
<!--Search for dates that are later or equal to 2014-8-25 in
          org-netbeans-modules-keyring/apichanges.html-->
<!--Checking date 2012-1-6 with count of newer 0-->
<!--Checking date 2009-12-11 with count of newer 1-->

         
<!--Search for dates that are later or equal to 2014-8-25 in
          org-netbeans-modules-lexer/apichanges.html-->
<!--Checking date 2008-5-28 with count of newer 0-->
<!--Checking date 2007-11-5 with count of newer 1-->
<!--Checking date 2007-11-3 with count of newer 2-->
<!--Checking date 2007-10-5 with count of newer 3-->
<!--Checking date 2007-8-30 with count of newer 4-->
<!--Checking date 2007-8-17 with count of newer 5-->
<!--Checking date 2007-6-5 with count of newer 6-->
<!--Checking date 2007-5-16 with count of newer 7-->
<!--Checking date 2007-4-27 with count of newer 8-->
<!--Checking date 2007-4-13 with count of newer 9-->
<!--Checking date 2007-3-23 with count of newer 10-->
<!--Checking date 2007-3-1 with count of newer 11-->
<!--Checking date 2007-1-16 with count of newer 12-->
<!--Checking date 2006-12-7 with count of newer 13-->
<!--Checking date 2006-11-23 with count of newer 14-->
<!--Checking date 2006-10-18 with count of newer 15-->
<!--Checking date 2006-10-12 with count of newer 16-->
<!--Checking date 2006-10-11 with count of newer 17-->
<!--Checking date 2006-9-18 with count of newer 18-->
<!--Checking date 2006-9-14 with count of newer 19-->
<!--Checking date 2006-8-30 with count of newer 20-->
<!--Checking date 2006-5-5 with count of newer 21-->
<!--Checking date 2003-5-16 with count of newer 22-->
<!--Checking date 2002-9-20 with count of newer 23-->
<!--Checking date 2002-9-20 with count of newer 23-->

         
<!--Search for dates that are later or equal to 2014-8-25 in
          org-netbeans-modules-options-api/apichanges.html-->
<!--Checking date 2013-12-3 with count of newer 0-->
<!--Checking date 2013-3-15 with count of newer 1-->
<!--Checking date 2013-2-26 with count of newer 2-->
<!--Checking date 2012-10-18 with count of newer 3-->
<!--Checking date 2012-10-2 with count of newer 4-->
<!--Checking date 2009-9-14 with count of newer 5-->
<!--Checking date 2009-3-30 with count of newer 6-->
<!--Checking date 2008-7-17 with count of newer 7-->
<!--Checking date 2008-7-11 with count of newer 8-->
<!--Checking date 2008-5-28 with count of newer 9-->
<!--Checking date 2006-12-19 with count of newer 10-->
<!--Checking date 2006-6-13 with count of newer 11-->
<!--Checking date 2005-8-18 with count of newer 12-->

         
<!--Search for dates that are later or equal to 2014-8-25 in
          org-netbeans-modules-parsing-api/apichanges.html-->
<!--Checking date 2014-7-7 with count of newer 0--><!--year equal-->
<!--Checking date 2014-7-7 with count of newer 0--><!--year equal-->
<!--Checking date 2014-6-13 with count of newer 2--><!--year equal-->
<!--Checking date 2014-5-2 with count of newer 3--><!--year equal-->
<!--Checking date 2013-8-19 with count of newer 4-->
<!--Checking date 2013-5-10 with count of newer 5-->
<!--Checking date 2013-5-2 with count of newer 6-->
<!--Checking date 2013-3-18 with count of newer 7-->
<!--Checking date 2012-9-16 with count of newer 8-->
<!--Checking date 2012-2-17 with count of newer 9-->
<!--Checking date 2012-1-26 with count of newer 10-->
<!--Checking date 2011-11-29 with count of newer 11-->
<!--Checking date 2011-11-10 with count of newer 12-->
<!--Checking date 2011-3-28 with count of newer 13-->
<!--Checking date 2011-1-24 with count of newer 14-->
<!--Checking date 2010-10-18 with count of newer 15-->
<!--Checking date 2010-1-26 with count of newer 16-->
<!--Checking date 2010-1-21 with count of newer 17-->
<!--Checking date 2010-1-18 with count of newer 18-->
<!--Checking date 2009-10-1 with count of newer 19-->
<!--Checking date 2009-9-7 with count of newer 20-->
<!--Checking date 2009-9-1 with count of newer 21-->
<!--Checking date 2009-8-24 with count of newer 22-->
<!--Checking date 2009-8-19 with count of newer 23-->
<!--Checking date 2009-8-12 with count of newer 24-->
<!--Checking date 2009-7-3 with count of newer 25-->
<!--Checking date 2009-6-23 with count of newer 26-->
<!--Checking date 2009-6-10 with count of newer 27-->
<!--Checking date 2009-5-21 with count of newer 28-->
<!--Checking date 2009-4-20 with count of newer 29-->
<!--Checking date 2009-4-15 with count of newer 30-->
<!--Checking date 2009-4-2 with count of newer 31-->
<!--Checking date 2009-3-27 with count of newer 32-->
<!--Checking date 2009-3-27 with count of newer 32-->
<!--Checking date 2009-3-2 with count of newer 34-->
<!--Checking date 2009-3-1 with count of newer 35-->
<!--Checking date 2009-2-26 with count of newer 36-->
<!--Checking date 2009-2-25 with count of newer 37-->
<!--Checking date 2009-2-20 with count of newer 38-->
<!--Checking date 2009-1-1 with count of newer 39-->

         
<!--Search for dates that are later or equal to 2014-8-25 in
          org-netbeans-modules-print/apichanges.html-->
<!--Checking date 2008-6-14 with count of newer 0-->

         
<!--Search for dates that are later or equal to 2014-8-25 in
          org-netbeans-modules-project-ant/apichanges.html-->
<!--Checking date 2013-10-15 with count of newer 0-->
<!--Checking date 2013-3-14 with count of newer 1-->
<!--Checking date 2012-1-20 with count of newer 2-->
<!--Checking date 2011-4-19 with count of newer 3-->
<!--Checking date 2009-6-4 with count of newer 4-->
<!--Checking date 2009-4-2 with count of newer 5-->
<!--Checking date 2009-3-3 with count of newer 6-->
<!--Checking date 2008-9-30 with count of newer 7-->
<!--Checking date 2008-8-27 with count of newer 8-->
<!--Checking date 2008-7-11 with count of newer 9-->
<!--Checking date 2008-6-12 with count of newer 10-->
<!--Checking date 2008-6-11 with count of newer 11-->
<!--Checking date 2008-6-9 with count of newer 12-->
<!--Checking date 2008-1-22 with count of newer 13-->
<!--Checking date 2007-10-8 with count of newer 14-->
<!--Checking date 2007-4-10 with count of newer 15-->
<!--Checking date 2007-3-1 with count of newer 16-->
<!--Checking date 2006-9-8 with count of newer 17-->
<!--Checking date 2005-8-28 with count of newer 18-->
<!--Checking date 2005-7-11 with count of newer 19-->
<!--Checking date 2005-1-16 with count of newer 20-->
<!--Checking date 2005-1-13 with count of newer 21-->
<!--Checking date 2005-1-11 with count of newer 22-->
<!--Checking date 2004-12-22 with count of newer 23-->

         
<!--Search for dates that are later or equal to 2014-8-25 in
          org-netbeans-modules-project-libraries/apichanges.html-->
<!--Checking date 2011-8-30 with count of newer 0-->
<!--Checking date 2011-6-19 with count of newer 1-->
<!--Checking date 2011-6-16 with count of newer 2-->
<!--Checking date 2011-3-14 with count of newer 3-->
<!--Checking date 2011-3-13 with count of newer 4-->
<!--Checking date 2008-3-27 with count of newer 5-->
<!--Checking date 2008-1-22 with count of newer 6-->
<!--Checking date 2007-8-31 with count of newer 7-->
<!--Checking date 2006-8-11 with count of newer 8-->
<!--Checking date 2004-12-22 with count of newer 9-->

         
<!--Search for dates that are later or equal to 2014-8-25 in
          org-netbeans-modules-projectapi/apichanges.html-->
<!--Checking date 2014-4-30 with count of newer 0--><!--year equal-->
<!--Checking date 2013-11-20 with count of newer 1-->
<!--Checking date 2012-9-26 with count of newer 2-->
<!--Checking date 2012-5-30 with count of newer 3-->
<!--Checking date 2012-3-20 with count of newer 4-->
<!--Checking date 2011-11-15 with count of newer 5-->
<!--Checking date 2011-9-10 with count of newer 6-->
<!--Checking date 2011-3-27 with count of newer 7-->
<!--Checking date 2010-6-24 with count of newer 8-->
<!--Checking date 2010-4-15 with count of newer 9-->
<!--Checking date 2009-7-21 with count of newer 10-->
<!--Checking date 2009-2-18 with count of newer 11-->
<!--Checking date 2009-1-23 with count of newer 12-->
<!--Checking date 2009-1-13 with count of newer 13-->
<!--Checking date 2008-11-13 with count of newer 14-->
<!--Checking date 2008-7-9 with count of newer 15-->
<!--Checking date 2008-6-9 with count of newer 16-->
<!--Checking date 2008-6-9 with count of newer 16-->
<!--Checking date 2006-10-5 with count of newer 18-->
<!--Checking date 2006-9-8 with count of newer 19-->
<!--Checking date 2005-8-22 with count of newer 20-->
<!--Checking date 2005-5-27 with count of newer 21-->
<!--Checking date 2004-12-22 with count of newer 22-->

         
<!--Search for dates that are later or equal to 2014-8-25 in
          org-netbeans-modules-projectuiapi/apichanges.html-->
<!--Checking date 2014-7-15 with count of newer 0--><!--year equal-->
<!--Checking date 2013-10-7 with count of newer 1-->
<!--Checking date 2013-5-13 with count of newer 2-->
<!--Checking date 2013-2-27 with count of newer 3-->
<!--Checking date 2013-2-22 with count of newer 4-->
<!--Checking date 2013-1-24 with count of newer 5-->
<!--Checking date 2012-11-10 with count of newer 6-->
<!--Checking date 2012-10-2 with count of newer 7-->
<!--Checking date 2012-8-25 with count of newer 8-->
<!--Checking date 2012-7-24 with count of newer 9-->
<!--Checking date 2012-7-13 with count of newer 10-->
<!--Checking date 2012-3-19 with count of newer 11-->
<!--Checking date 2012-1-13 with count of newer 12-->
<!--Checking date 2011-12-12 with count of newer 13-->
<!--Checking date 2010-4-21 with count of newer 14-->
<!--Checking date 2010-4-13 with count of newer 15-->
<!--Checking date 2010-4-1 with count of newer 16-->
<!--Checking date 2010-3-25 with count of newer 17-->
<!--Checking date 2009-9-10 with count of newer 18-->
<!--Checking date 2009-7-23 with count of newer 19-->
<!--Checking date 2009-5-6 with count of newer 20-->
<!--Checking date 2009-4-7 with count of newer 21-->
<!--Checking date 2008-11-20 with count of newer 22-->
<!--Checking date 2008-10-23 with count of newer 23-->
<!--Checking date 2008-6-9 with count of newer 24-->
<!--Checking date 2008-3-26 with count of newer 25-->
<!--Checking date 2008-3-21 with count of newer 26-->
<!--Checking date 2008-2-6 with count of newer 27-->
<!--Checking date 2008-1-9 with count of newer 28-->
<!--Checking date 2007-5-10 with count of newer 29-->
<!--Checking date 2007-3-26 with count of newer 30-->
<!--Checking date 2007-1-5 with count of newer 31-->
<!--Checking date 2006-10-23 with count of newer 32-->
<!--Checking date 2006-10-16 with count of newer 33-->
<!--Checking date 2006-10-5 with count of newer 34-->
<!--Checking date 2006-9-18 with count of newer 35-->
<!--Checking date 2006-9-8 with count of newer 36-->
<!--Checking date 2006-4-11 with count of newer 37-->
<!--Checking date 2005-8-26 with count of newer 38-->
<!--Checking date 2005-8-22 with count of newer 39-->
<!--Checking date 2005-7-28 with count of newer 40-->
<!--Checking date 2005-7-28 with count of newer 40-->
<!--Checking date 2005-5-17 with count of newer 42-->
<!--Checking date 2005-5-12 with count of newer 43-->
<!--Checking date 2005-5-5 with count of newer 44-->
<!--Checking date 2005-1-16 with count of newer 45-->
<!--Checking date 2004-12-22 with count of newer 46-->
<!--Checking date 2004-12-14 with count of newer 47-->

         
<!--Search for dates that are later or equal to 2014-8-25 in
          org-netbeans-modules-queries/apichanges.html-->
<!--Checking date 2013-5-16 with count of newer 0-->
<!--Checking date 2012-11-9 with count of newer 1-->
<!--Checking date 2012-1-13 with count of newer 2-->
<!--Checking date 2008-3-24 with count of newer 3-->
<!--Checking date 2007-3-28 with count of newer 4-->
<!--Checking date 2007-2-8 with count of newer 5-->
<!--Checking date 2005-1-14 with count of newer 6-->
<!--Checking date 2004-12-22 with count of newer 7-->

         
<!--Search for dates that are later or equal to 2014-8-25 in
          org-netbeans-modules-sendopts/apichanges.html-->
<!--Checking date 2012-3-18 with count of newer 0-->
<!--Checking date 2011-12-31 with count of newer 1-->
<!--Checking date 2007-7-30 with count of newer 2-->
<!--Checking date 2006-8-20 with count of newer 3-->
<!--Checking date 2006-3-18 with count of newer 4-->
<!--Checking date 2006-3-18 with count of newer 4-->
<!--Checking date 2006-3-15 with count of newer 6-->
<!--Checking date 2006-2-26 with count of newer 7-->

         
<!--Search for dates that are later or equal to 2014-8-25 in
          org-netbeans-modules-settings/apichanges.html-->
<!--Checking date 2013-3-15 with count of newer 0-->
<!--Checking date 2010-11-30 with count of newer 1-->
<!--Checking date 2009-8-7 with count of newer 2-->
<!--Checking date 2009-1-10 with count of newer 3-->
<!--Checking date 2009-1-10 with count of newer 3-->
<!--Checking date 2008-11-28 with count of newer 5-->
<!--Checking date 2008-7-22 with count of newer 6-->
<!--Checking date 2007-4-17 with count of newer 7-->
<!--Checking date 2006-5-9 with count of newer 8-->
<!--Checking date 2002-9-3 with count of newer 9-->
<!--Checking date 2002-8-22 with count of newer 10-->

         
<!--Search for dates that are later or equal to 2014-8-25 in
          org-netbeans-modules-uihandler/apichanges.html-->

         
<!--Search for dates that are later or equal to 2014-8-25 in
          org-netbeans-spi-debugger-ui/apichanges.html-->

         
<!--Search for dates that are later or equal to 2014-8-25 in
          org-netbeans-spi-navigator/apichanges.html-->
<!--Checking date 2012-8-20 with count of newer 0-->
<!--Checking date 2012-1-12 with count of newer 1-->
<!--Checking date 2011-8-31 with count of newer 2-->
<!--Checking date 2007-4-16 with count of newer 3-->
<!--Checking date 2007-4-10 with count of newer 4-->
<!--Checking date 2006-9-19 with count of newer 5-->
<!--Checking date 2005-8-8 with count of newer 6-->

         
<!--Search for dates that are later or equal to 2014-8-25 in
          org-netbeans-spi-palette/apichanges.html-->
<!--Checking date 2013-12-10 with count of newer 0-->
<!--Checking date 2012-4-1 with count of newer 1-->
<!--Checking date 2011-11-8 with count of newer 2-->
<!--Checking date 2009-10-21 with count of newer 3-->
<!--Checking date 2008-5-5 with count of newer 4-->
<!--Checking date 2008-2-22 with count of newer 5-->
<!--Checking date 2007-6-12 with count of newer 6-->
<!--Checking date 2007-2-27 with count of newer 7-->
<!--Checking date 2007-1-30 with count of newer 8-->
<!--Checking date 2007-1-27 with count of newer 9-->
<!--Checking date 2006-10-16 with count of newer 10-->
<!--Checking date 2006-6-6 with count of newer 11-->
<!--Checking date 2005-9-13 with count of newer 12-->
<!--Checking date 2005-8-10 with count of newer 13-->
<!--Checking date 2005-8-9 with count of newer 14-->
<!--Checking date 2005-8-8 with count of newer 15-->
<!--Checking date 2005-7-21 with count of newer 16-->

         
<!--Search for dates that are later or equal to 2014-8-25 in
          org-netbeans-spi-quicksearch/apichanges.html-->

         
<!--Search for dates that are later or equal to 2014-8-25 in
          org-netbeans-spi-tasklist/apichanges.html-->
<!--Checking date 2013-3-6 with count of newer 0-->
<!--Checking date 2009-8-7 with count of newer 1-->
<!--Checking date 2009-3-31 with count of newer 2-->
<!--Checking date 2007-4-11 with count of newer 3-->

         
<!--Search for dates that are later or equal to 2014-8-25 in
          org-netbeans-spi-viewmodel/apichanges.html-->
<!--Checking date 2013-4-30 with count of newer 0-->
<!--Checking date 2010-6-7 with count of newer 1-->
<!--Checking date 2009-12-15 with count of newer 2-->
<!--Checking date 2009-12-4 with count of newer 3-->
<!--Checking date 2009-9-25 with count of newer 4-->
<!--Checking date 2009-9-1 with count of newer 5-->
<!--Checking date 2009-3-8 with count of newer 6-->
<!--Checking date 2008-6-2 with count of newer 7-->
<!--Checking date 2007-6-6 with count of newer 8-->
<!--Checking date 2006-1-30 with count of newer 9-->
<!--Checking date 2005-8-25 with count of newer 10-->
<!--Checking date 2005-7-21 with count of newer 11-->
<!--Checking date 2005-3-31 with count of newer 12-->
<!--Checking date 2005-1-13 with count of newer 13-->
<!--Checking date 2005-1-7 with count of newer 14-->
<!--Checking date 2004-7-23 with count of newer 15-->
<!--Checking date 2004-4-29 with count of newer 16-->

         
<!--Search for dates that are later or equal to 2014-8-25 in
          org-openide-actions/apichanges.html-->
<!--Checking date 2010-12-14 with count of newer 0-->
<!--Checking date 2010-2-26 with count of newer 1-->
<!--Checking date 2008-6-24 with count of newer 2-->
<!--Checking date 2005-3-23 with count of newer 3-->
<!--Checking date 2003-3-18 with count of newer 4-->
<!--Checking date 2003-2-27 with count of newer 5-->
<!--Checking date 2003-1-8 with count of newer 6-->
<!--Checking date 2000-10-6 with count of newer 7-->
<!--Checking date 2000-3-23 with count of newer 8-->
<!--Checking date 2000-3-14 with count of newer 9-->

         
<!--Search for dates that are later or equal to 2014-8-25 in
          org-openide-awt/apichanges.html-->
<!--Checking date 2013-3-27 with count of newer 0-->
<!--Checking date 2012-9-18 with count of newer 1-->
<!--Checking date 2012-8-31 with count of newer 2-->
<!--Checking date 2012-8-8 with count of newer 3-->
<!--Checking date 2012-8-3 with count of newer 4-->
<!--Checking date 2012-8-2 with count of newer 5-->
<!--Checking date 2012-7-17 with count of newer 6-->
<!--Checking date 2012-5-16 with count of newer 7-->
<!--Checking date 2012-3-8 with count of newer 8-->
<!--Checking date 2012-1-6 with count of newer 9-->
<!--Checking date 2011-12-14 with count of newer 10-->
<!--Checking date 2011-9-14 with count of newer 11-->
<!--Checking date 2011-6-14 with count of newer 12-->
<!--Checking date 2011-5-27 with count of newer 13-->
<!--Checking date 2011-5-24 with count of newer 14-->
<!--Checking date 2011-5-20 with count of newer 15-->
<!--Checking date 2011-3-27 with count of newer 16-->
<!--Checking date 2010-9-5 with count of newer 17-->
<!--Checking date 2010-8-10 with count of newer 18-->
<!--Checking date 2010-6-29 with count of newer 19-->
<!--Checking date 2010-4-1 with count of newer 20-->
<!--Checking date 2009-10-16 with count of newer 21-->
<!--Checking date 2009-10-9 with count of newer 22-->
<!--Checking date 2009-8-24 with count of newer 23-->
<!--Checking date 2009-8-7 with count of newer 24-->
<!--Checking date 2009-8-4 with count of newer 25-->
<!--Checking date 2009-7-30 with count of newer 26-->
<!--Checking date 2009-7-15 with count of newer 27-->
<!--Checking date 2009-7-1 with count of newer 28-->
<!--Checking date 2009-5-6 with count of newer 29-->
<!--Checking date 2009-4-7 with count of newer 30-->
<!--Checking date 2009-3-5 with count of newer 31-->
<!--Checking date 2009-1-6 with count of newer 32-->
<!--Checking date 2008-3-12 with count of newer 33-->
<!--Checking date 2008-1-2 with count of newer 34-->
<!--Checking date 2007-5-4 with count of newer 35-->
<!--Checking date 2007-2-28 with count of newer 36-->
<!--Checking date 2007-2-1 with count of newer 37-->
<!--Checking date 2005-6-12 with count of newer 38-->
<!--Checking date 2005-5-4 with count of newer 39-->
<!--Checking date 2005-4-29 with count of newer 40-->
<!--Checking date 2004-10-12 with count of newer 41-->
<!--Checking date 2004-5-7 with count of newer 42-->
<!--Checking date 2004-5-3 with count of newer 43-->
<!--Checking date 2004-2-17 with count of newer 44-->
<!--Checking date 2004-1-8 with count of newer 45-->
<!--Checking date 2003-2-10 with count of newer 46-->
<!--Checking date 2003-1-21 with count of newer 47-->
<!--Checking date 2003-1-8 with count of newer 48-->
<!--Checking date 2001-4-27 with count of newer 49-->
<!--Checking date 2001-3-8 with count of newer 50-->
<!--Checking date 2000-12-8 with count of newer 51-->
<!--Checking date 2000-4-19 with count of newer 52-->
<!--Checking date 2000-3-23 with count of newer 53-->

         
<!--Search for dates that are later or equal to 2014-8-25 in
          org-openide-dialogs/apichanges.html-->
<!--Checking date 2014-4-18 with count of newer 0--><!--year equal-->
<!--Checking date 2013-9-17 with count of newer 1-->
<!--Checking date 2013-4-10 with count of newer 2-->
<!--Checking date 2011-9-7 with count of newer 3-->
<!--Checking date 2011-4-13 with count of newer 4-->
<!--Checking date 2008-11-28 with count of newer 5-->
<!--Checking date 2008-7-3 with count of newer 6-->
<!--Checking date 2008-7-3 with count of newer 6-->
<!--Checking date 2007-6-15 with count of newer 8-->
<!--Checking date 2007-4-30 with count of newer 9-->
<!--Checking date 2007-2-8 with count of newer 10-->
<!--Checking date 2007-2-6 with count of newer 11-->
<!--Checking date 2007-2-2 with count of newer 12-->
<!--Checking date 2006-6-20 with count of newer 13-->
<!--Checking date 2006-4-8 with count of newer 14-->
<!--Checking date 2005-12-6 with count of newer 15-->
<!--Checking date 2005-5-16 with count of newer 16-->
<!--Checking date 2005-3-28 with count of newer 17-->
<!--Checking date 2005-1-8 with count of newer 18-->
<!--Checking date 2004-7-2 with count of newer 19-->
<!--Checking date 2004-5-4 with count of newer 20-->
<!--Checking date 2004-3-29 with count of newer 21-->
<!--Checking date 2004-3-29 with count of newer 21-->

         
<!--Search for dates that are later or equal to 2014-8-25 in
          org-openide-execution/apichanges.html-->
<!--Checking date 2012-1-20 with count of newer 0-->
<!--Checking date 2006-7-19 with count of newer 1-->
<!--Checking date 2004-3-16 with count of newer 2-->
<!--Checking date 2004-3-16 with count of newer 2-->
<!--Checking date 2004-3-16 with count of newer 2-->

         
<!--Search for dates that are later or equal to 2014-8-25 in
          org-openide-explorer/apichanges.html-->
<!--Checking date 2013-11-11 with count of newer 0-->
<!--Checking date 2012-9-6 with count of newer 1-->
<!--Checking date 2012-4-4 with count of newer 2-->
<!--Checking date 2012-3-8 with count of newer 3-->
<!--Checking date 2011-8-31 with count of newer 4-->
<!--Checking date 2011-6-30 with count of newer 5-->
<!--Checking date 2011-6-10 with count of newer 6-->
<!--Checking date 2010-11-16 with count of newer 7-->
<!--Checking date 2010-10-4 with count of newer 8-->
<!--Checking date 2010-7-7 with count of newer 9-->
<!--Checking date 2010-4-24 with count of newer 10-->
<!--Checking date 2010-1-11 with count of newer 11-->
<!--Checking date 2009-12-21 with count of newer 12-->
<!--Checking date 2009-10-19 with count of newer 13-->
<!--Checking date 2009-3-8 with count of newer 14-->
<!--Checking date 2008-9-16 with count of newer 15-->
<!--Checking date 2008-5-29 with count of newer 16-->
<!--Checking date 2007-11-2 with count of newer 17-->
<!--Checking date 2007-7-11 with count of newer 18-->
<!--Checking date 2007-6-15 with count of newer 19-->
<!--Checking date 2007-6-1 with count of newer 20-->
<!--Checking date 2006-11-9 with count of newer 21-->
<!--Checking date 2006-5-30 with count of newer 22-->
<!--Checking date 2005-4-29 with count of newer 23-->
<!--Checking date 2005-3-30 with count of newer 24-->
<!--Checking date 2005-3-18 with count of newer 25-->
<!--Checking date 2005-3-11 with count of newer 26-->
<!--Checking date 2004-8-25 with count of newer 27-->
<!--Checking date 2004-6-14 with count of newer 28-->
<!--Checking date 2004-6-1 with count of newer 29-->
<!--Checking date 2003-12-9 with count of newer 30-->
<!--Checking date 2003-12-9 with count of newer 30-->
<!--Checking date 2003-11-21 with count of newer 32-->
<!--Checking date 2003-4-4 with count of newer 33-->
<!--Checking date 2003-4-4 with count of newer 33-->
<!--Checking date 2003-3-26 with count of newer 35-->
<!--Checking date 2003-2-13 with count of newer 36-->
<!--Checking date 2002-5-27 with count of newer 37-->
<!--Checking date 2002-4-24 with count of newer 38-->
<!--Checking date 2002-3-6 with count of newer 39-->
<!--Checking date 2002-2-20 with count of newer 40-->
<!--Checking date 2001-10-19 with count of newer 41-->
<!--Checking date 2001-9-25 with count of newer 42-->
<!--Checking date 2001-8-22 with count of newer 43-->
<!--Checking date 2001-7-9 with count of newer 44-->
<!--Checking date 2001-5-7 with count of newer 45-->
<!--Checking date 2001-2-20 with count of newer 46-->
<!--Checking date 2000-11-30 with count of newer 47-->
<!--Checking date 2000-11-6 with count of newer 48-->
<!--Checking date 2000-10-30 with count of newer 49-->
<!--Checking date 2000-10-25 with count of newer 50-->
<!--Checking date 2000-9-13 with count of newer 51-->
<!--Checking date 2000-9-5 with count of newer 52-->
<!--Checking date 2000-5-31 with count of newer 53-->
<!--Checking date 2000-3-9 with count of newer 54-->
<!--Checking date - - with count of newer 0-->

         
<!--Search for dates that are later or equal to 2014-8-25 in
          org-openide-filesystems/apichanges.html-->
<!--Checking date 2014-5-14 with count of newer 0--><!--year equal-->
<!--Checking date 2012-11-23 with count of newer 1-->
<!--Checking date 2012-10-30 with count of newer 2-->
<!--Checking date 2012-8-29 with count of newer 3-->
<!--Checking date 2012-8-22 with count of newer 4-->
<!--Checking date 2012-4-11 with count of newer 5-->
<!--Checking date 2012-2-20 with count of newer 6-->
<!--Checking date 2012-2-3 with count of newer 7-->
<!--Checking date 2012-2-2 with count of newer 8-->
<!--Checking date 2012-1-20 with count of newer 9-->
<!--Checking date 2012-1-13 with count of newer 10-->
<!--Checking date 2011-11-29 with count of newer 11-->
<!--Checking date 2011-11-22 with count of newer 12-->
<!--Checking date 2011-8-5 with count of newer 13-->
<!--Checking date 2011-7-25 with count of newer 14-->
<!--Checking date 2011-7-25 with count of newer 14-->
<!--Checking date 2011-6-25 with count of newer 16-->
<!--Checking date 2011-1-27 with count of newer 17-->
<!--Checking date 2010-11-24 with count of newer 18-->
<!--Checking date 2010-10-25 with count of newer 19-->
<!--Checking date 2010-9-30 with count of newer 20-->
<!--Checking date 2010-9-10 with count of newer 21-->
<!--Checking date 2010-3-1 with count of newer 22-->
<!--Checking date 2010-2-17 with count of newer 23-->
<!--Checking date 2010-1-26 with count of newer 24-->
<!--Checking date 2010-1-8 with count of newer 25-->
<!--Checking date 2009-9-18 with count of newer 26-->
<!--Checking date 2009-9-14 with count of newer 27-->
<!--Checking date 2009-9-10 with count of newer 28-->
<!--Checking date 2009-8-31 with count of newer 29-->
<!--Checking date 2009-8-25 with count of newer 30-->
<!--Checking date 2009-8-12 with count of newer 31-->
<!--Checking date 2009-2-3 with count of newer 32-->
<!--Checking date 2009-1-14 with count of newer 33-->
<!--Checking date 2009-1-12 with count of newer 34-->
<!--Checking date 2008-12-19 with count of newer 35-->
<!--Checking date 2008-12-1 with count of newer 36-->
<!--Checking date 2008-11-18 with count of newer 37-->
<!--Checking date 2008-11-1 with count of newer 38-->
<!--Checking date 2008-9-3 with count of newer 39-->
<!--Checking date 2008-8-25 with count of newer 40-->
<!--Checking date 2008-7-10 with count of newer 41-->
<!--Checking date 2008-7-8 with count of newer 42-->
<!--Checking date 2008-3-17 with count of newer 43-->
<!--Checking date 2008-2-26 with count of newer 44-->
<!--Checking date 2008-1-16 with count of newer 45-->
<!--Checking date 2008-1-8 with count of newer 46-->
<!--Checking date 2007-7-26 with count of newer 47-->
<!--Checking date 2007-6-16 with count of newer 48-->
<!--Checking date 2007-3-12 with count of newer 49-->
<!--Checking date 2006-9-7 with count of newer 50-->
<!--Checking date 2006-5-29 with count of newer 51-->
<!--Checking date 2006-5-3 with count of newer 52-->
<!--Checking date 2005-10-25 with count of newer 53-->
<!--Checking date 2005-7-21 with count of newer 54-->
<!--Checking date 2005-1-7 with count of newer 55-->
<!--Checking date 2004-8-4 with count of newer 56-->
<!--Checking date 2004-7-30 with count of newer 57-->
<!--Checking date 2004-6-9 with count of newer 58-->
<!--Checking date 2004-6-1 with count of newer 59-->
<!--Checking date 2004-5-28 with count of newer 60-->
<!--Checking date 2004-5-7 with count of newer 61-->
<!--Checking date 2004-5-7 with count of newer 61-->
<!--Checking date 2004-5-7 with count of newer 61-->
<!--Checking date 2004-5-7 with count of newer 61-->
<!--Checking date 2004-5-7 with count of newer 61-->
<!--Checking date 2004-4-13 with count of newer 66-->
<!--Checking date 2003-12-9 with count of newer 67-->
<!--Checking date 2003-1-10 with count of newer 68-->
<!--Checking date 2003-1-8 with count of newer 69-->
<!--Checking date 2002-11-1 with count of newer 70-->
<!--Checking date 2002-10-22 with count of newer 71-->
<!--Checking date 2002-10-15 with count of newer 72-->
<!--Checking date 2002-10-1 with count of newer 73-->
<!--Checking date 2002-8-30 with count of newer 74-->
<!--Checking date 2002-7-22 with count of newer 75-->
<!--Checking date 2002-6-6 with count of newer 76-->
<!--Checking date 2002-4-25 with count of newer 77-->
<!--Checking date 2002-4-24 with count of newer 78-->
<!--Checking date 2002-3-11 with count of newer 79-->
<!--Checking date 2002-3-11 with count of newer 79-->
<!--Checking date 2002-1-17 with count of newer 81-->
<!--Checking date 2001-9-21 with count of newer 82-->
<!--Checking date 2001-8-30 with count of newer 83-->
<!--Checking date 2001-8-24 with count of newer 84-->
<!--Checking date 2001-8-17 with count of newer 85-->
<!--Checking date 2001-7-31 with count of newer 86-->
<!--Checking date 2001-7-24 with count of newer 87-->
<!--Checking date 2001-6-27 with count of newer 88-->
<!--Checking date 2001-6-25 with count of newer 89-->
<!--Checking date 2001-6-1 with count of newer 90-->
<!--Checking date 2001-6-1 with count of newer 90-->
<!--Checking date 2001-6-1 with count of newer 90-->
<!--Checking date 2001-2-7 with count of newer 93-->
<!--Checking date 2001-2-5 with count of newer 94-->
<!--Checking date 2001-2-5 with count of newer 94-->
<!--Checking date 2001-1-29 with count of newer 96-->
<!--Checking date 2001-1-8 with count of newer 97-->
<!--Checking date 2000-12-6 with count of newer 98-->
<!--Checking date 2000-11-23 with count of newer 99-->
<!--Checking date 2000-11-1 with count of newer 100-->
<!--Checking date 2000-9-11 with count of newer 101-->
<!--Checking date 2000-8-22 with count of newer 102-->
<!--Checking date 2000-8-22 with count of newer 102-->
<!--Checking date 2000-8-10 with count of newer 104-->
<!--Checking date 2000-6-25 with count of newer 105-->
<!--Checking date 2000-3-27 with count of newer 106-->
<!--Checking date 2000-2-24 with count of newer 107-->

         
<!--Search for dates that are later or equal to 2014-8-25 in
          org-openide-io/apichanges.html-->
<!--Checking date 2013-7-17 with count of newer 0-->
<!--Checking date 2013-4-25 with count of newer 1-->
<!--Checking date 2013-4-18 with count of newer 2-->
<!--Checking date 2013-4-5 with count of newer 3-->
<!--Checking date 2012-6-22 with count of newer 4-->
<!--Checking date 2010-5-1 with count of newer 5-->
<!--Checking date 2010-5-1 with count of newer 5-->
<!--Checking date 2009-7-24 with count of newer 7-->
<!--Checking date 2009-3-6 with count of newer 8-->
<!--Checking date 2009-2-5 with count of newer 9-->
<!--Checking date 2006-7-19 with count of newer 10-->
<!--Checking date 2005-1-12 with count of newer 11-->
<!--Checking date 2004-11-11 with count of newer 12-->

         
<!--Search for dates that are later or equal to 2014-8-25 in
          org-openide-loaders/apichanges.html-->
<!--Checking date 2014-1-29 with count of newer 0--><!--year equal-->
<!--Checking date 2013-10-10 with count of newer 1-->
<!--Checking date 2013-8-23 with count of newer 2-->
<!--Checking date 2013-1-25 with count of newer 3-->
<!--Checking date 2012-12-21 with count of newer 4-->
<!--Checking date 2012-11-23 with count of newer 5-->
<!--Checking date 2012-1-23 with count of newer 6-->
<!--Checking date 2011-9-3 with count of newer 7-->
<!--Checking date 2011-7-25 with count of newer 8-->
<!--Checking date 2011-7-11 with count of newer 9-->
<!--Checking date 2011-6-21 with count of newer 10-->
<!--Checking date 2011-6-21 with count of newer 10-->
<!--Checking date 2011-6-10 with count of newer 12-->
<!--Checking date 2011-6-1 with count of newer 13-->
<!--Checking date 2010-10-7 with count of newer 14-->
<!--Checking date 2010-4-13 with count of newer 15-->
<!--Checking date 2010-4-7 with count of newer 16-->
<!--Checking date 2010-2-20 with count of newer 17-->
<!--Checking date 2009-11-9 with count of newer 18-->
<!--Checking date 2009-9-3 with count of newer 19-->
<!--Checking date 2008-11-28 with count of newer 20-->
<!--Checking date 2008-10-30 with count of newer 21-->
<!--Checking date 2008-6-27 with count of newer 22-->
<!--Checking date 2008-6-11 with count of newer 23-->
<!--Checking date 2008-5-26 with count of newer 24-->
<!--Checking date 2008-2-20 with count of newer 25-->
<!--Checking date 2007-8-14 with count of newer 26-->
<!--Checking date 2007-8-1 with count of newer 27-->
<!--Checking date 2007-6-16 with count of newer 28-->
<!--Checking date 2007-3-30 with count of newer 29-->
<!--Checking date 2007-3-14 with count of newer 30-->
<!--Checking date 2007-2-8 with count of newer 31-->
<!--Checking date 2006-11-2 with count of newer 32-->
<!--Checking date 2006-5-30 with count of newer 33-->
<!--Checking date 2005-10-26 with count of newer 34-->
<!--Checking date 2005-9-19 with count of newer 35-->
<!--Checking date 2005-5-11 with count of newer 36-->
<!--Checking date 2005-3-9 with count of newer 37-->
<!--Checking date 2005-2-7 with count of newer 38-->
<!--Checking date 2004-11-23 with count of newer 39-->
<!--Checking date 2004-6-11 with count of newer 40-->
<!--Checking date 2004-5-18 with count of newer 41-->
<!--Checking date 2004-5-12 with count of newer 42-->
<!--Checking date 2004-5-3 with count of newer 43-->
<!--Checking date 2003-9-9 with count of newer 44-->
<!--Checking date 2003-5-28 with count of newer 45-->
<!--Checking date 2003-5-16 with count of newer 46-->
<!--Checking date 2003-4-18 with count of newer 47-->
<!--Checking date 2002-7-15 with count of newer 48-->

         
<!--Search for dates that are later or equal to 2014-8-25 in
          org-openide-modules/apichanges.html-->
<!--Checking date 2013-12-23 with count of newer 0-->
<!--Checking date 2013-2-12 with count of newer 1-->
<!--Checking date 2012-5-24 with count of newer 2-->
<!--Checking date 2012-4-20 with count of newer 3-->
<!--Checking date 2012-3-31 with count of newer 4-->
<!--Checking date 2011-9-1 with count of newer 5-->
<!--Checking date 2010-7-22 with count of newer 6-->
<!--Checking date 2010-7-19 with count of newer 7-->
<!--Checking date 2010-5-17 with count of newer 8-->
<!--Checking date 2010-1-6 with count of newer 9-->
<!--Checking date 2010-1-6 with count of newer 9-->
<!--Checking date 2009-4-6 with count of newer 11-->
<!--Checking date 2009-1-6 with count of newer 12-->
<!--Checking date 2008-2-23 with count of newer 13-->
<!--Checking date 2008-2-15 with count of newer 14-->
<!--Checking date 2007-7-18 with count of newer 15-->
<!--Checking date 2006-8-1 with count of newer 16-->
<!--Checking date 2006-7-19 with count of newer 17-->
<!--Checking date 2006-3-22 with count of newer 18-->
<!--Checking date 2005-7-7 with count of newer 19-->
<!--Checking date 2005-6-7 with count of newer 20-->
<!--Checking date 2005-6-4 with count of newer 21-->
<!--Checking date 2005-4-11 with count of newer 22-->
<!--Checking date 2004-8-11 with count of newer 23-->
<!--Checking date 2004-5-7 with count of newer 24-->
<!--Checking date 2003-12-25 with count of newer 25-->
<!--Checking date 2003-12-18 with count of newer 26-->
<!--Checking date 2003-1-27 with count of newer 27-->
<!--Checking date 2002-11-13 with count of newer 28-->
<!--Checking date 2002-11-1 with count of newer 29-->
<!--Checking date 2002-10-16 with count of newer 30-->
<!--Checking date 2002-10-15 with count of newer 31-->
<!--Checking date 2002-10-7 with count of newer 32-->
<!--Checking date 2002-5-16 with count of newer 33-->
<!--Checking date 2002-5-8 with count of newer 34-->
<!--Checking date 2002-1-29 with count of newer 35-->
<!--Checking date 2002-1-29 with count of newer 35-->
<!--Checking date 2002-1-22 with count of newer 37-->
<!--Checking date 2001-8-17 with count of newer 38-->
<!--Checking date 2001-7-31 with count of newer 39-->
<!--Checking date 2001-7-20 with count of newer 40-->
<!--Checking date 2001-7-16 with count of newer 41-->
<!--Checking date 2001-4-29 with count of newer 42-->
<!--Checking date 2001-3-8 with count of newer 43-->
<!--Checking date 2001-2-9 with count of newer 44-->
<!--Checking date 2001-1-22 with count of newer 45-->
<!--Checking date 2001-1-18 with count of newer 46-->
<!--Checking date 2000-12-21 with count of newer 47-->
<!--Checking date 2000-11-23 with count of newer 48-->
<!--Checking date 2000-11-22 with count of newer 49-->
<!--Checking date 2000-11-12 with count of newer 50-->
<!--Checking date 2000-11-2 with count of newer 51-->
<!--Checking date 2000-8-27 with count of newer 52-->
<!--Checking date 2000-3-28 with count of newer 53-->

         
<!--Search for dates that are later or equal to 2014-8-25 in
          org-openide-nodes/apichanges.html-->
<!--Checking date 2012-11-22 with count of newer 0-->
<!--Checking date 2012-9-12 with count of newer 1-->
<!--Checking date 2012-1-3 with count of newer 2-->
<!--Checking date 2011-8-31 with count of newer 3-->
<!--Checking date 2010-9-9 with count of newer 4-->
<!--Checking date 2010-4-16 with count of newer 5-->
<!--Checking date 2009-4-1 with count of newer 6-->
<!--Checking date 2008-11-25 with count of newer 7-->
<!--Checking date 2008-8-4 with count of newer 8-->
<!--Checking date 2008-6-2 with count of newer 9-->
<!--Checking date 2007-6-1 with count of newer 10-->
<!--Checking date 2006-11-6 with count of newer 11-->
<!--Checking date 2006-8-18 with count of newer 12-->
<!--Checking date 2005-7-14 with count of newer 13-->
<!--Checking date 2004-2-13 with count of newer 14-->
<!--Checking date 2003-7-16 with count of newer 15-->
<!--Checking date 2003-4-7 with count of newer 16-->
<!--Checking date 2003-2-26 with count of newer 17-->
<!--Checking date 2002-11-8 with count of newer 18-->
<!--Checking date 2002-11-1 with count of newer 19-->
<!--Checking date 2002-10-15 with count of newer 20-->
<!--Checking date 2002-10-3 with count of newer 21-->
<!--Checking date 2002-7-15 with count of newer 22-->
<!--Checking date 2002-5-2 with count of newer 23-->
<!--Checking date 2002-4-24 with count of newer 24-->
<!--Checking date 2002-2-28 with count of newer 25-->
<!--Checking date 2001-10-16 with count of newer 26-->
<!--Checking date 2001-10-11 with count of newer 27-->
<!--Checking date 2001-10-8 with count of newer 28-->
<!--Checking date 2001-5-19 with count of newer 29-->
<!--Checking date 2001-3-15 with count of newer 30-->
<!--Checking date 2001-3-13 with count of newer 31-->
<!--Checking date 2001-3-6 with count of newer 32-->
<!--Checking date 2001-1-30 with count of newer 33-->
<!--Checking date 2000-8-9 with count of newer 34-->
<!--Checking date 2000-6-23 with count of newer 35-->
<!--Checking date 2000-5-2 with count of newer 36-->
<!--Checking date 2000-5-2 with count of newer 36-->
<!--Checking date 2000-3-9 with count of newer 38-->

         
<!--Search for dates that are later or equal to 2014-8-25 in
          org-openide-text/apichanges.html-->
<!--Checking date 2012-3-21 with count of newer 0-->
<!--Checking date 2011-7-20 with count of newer 1-->
<!--Checking date 2011-6-1 with count of newer 2-->
<!--Checking date 2011-6-1 with count of newer 2-->
<!--Checking date 2011-6-1 with count of newer 2-->
<!--Checking date 2011-5-10 with count of newer 5-->
<!--Checking date 2011-2-7 with count of newer 6-->
<!--Checking date 2010-11-24 with count of newer 7-->
<!--Checking date 2010-8-16 with count of newer 8-->
<!--Checking date 2009-12-21 with count of newer 9-->
<!--Checking date 2009-10-1 with count of newer 10-->
<!--Checking date 2009-8-12 with count of newer 11-->
<!--Checking date 2008-7-7 with count of newer 12-->
<!--Checking date 2008-5-16 with count of newer 13-->
<!--Checking date 2008-3-25 with count of newer 14-->
<!--Checking date 2007-5-22 with count of newer 15-->
<!--Checking date 2007-5-22 with count of newer 15-->
<!--Checking date 2007-5-22 with count of newer 15-->
<!--Checking date 2007-5-22 with count of newer 15-->
<!--Checking date 2007-3-5 with count of newer 19-->
<!--Checking date 2007-2-7 with count of newer 20-->
<!--Checking date 2006-8-2 with count of newer 21-->
<!--Checking date 2006-5-30 with count of newer 22-->
<!--Checking date 2005-10-31 with count of newer 23-->
<!--Checking date 2005-8-9 with count of newer 24-->
<!--Checking date 2005-7-22 with count of newer 25-->
<!--Checking date 2005-7-18 with count of newer 26-->
<!--Checking date 2005-3-21 with count of newer 27-->
<!--Checking date 2005-1-14 with count of newer 28-->
<!--Checking date 2004-12-6 with count of newer 29-->
<!--Checking date 2004-8-24 with count of newer 30-->
<!--Checking date 2004-6-8 with count of newer 31-->
<!--Checking date 2004-4-30 with count of newer 32-->
<!--Checking date 2004-4-20 with count of newer 33-->
<!--Checking date 2004-2-2 with count of newer 34-->
<!--Checking date 2003-6-26 with count of newer 35-->
<!--Checking date 2003-4-18 with count of newer 36-->
<!--Checking date 2003-4-2 with count of newer 37-->
<!--Checking date 2003-4-2 with count of newer 37-->
<!--Checking date 2003-4-2 with count of newer 37-->
<!--Checking date 2003-4-2 with count of newer 37-->
<!--Checking date 2001-10-31 with count of newer 41-->
<!--Checking date 2001-10-12 with count of newer 42-->
<!--Checking date 2001-9-25 with count of newer 43-->
<!--Checking date 2001-9-25 with count of newer 43-->
<!--Checking date 2001-7-9 with count of newer 45-->
<!--Checking date 2001-7-9 with count of newer 45-->
<!--Checking date 2000-12-1 with count of newer 47-->
<!--Checking date 2000-7-21 with count of newer 48-->
<!--Checking date 2000-7-17 with count of newer 49-->
<!--Checking date 2000-6-23 with count of newer 50-->
<!--Checking date 2000-5-29 with count of newer 51-->
<!--Checking date 2000-3-27 with count of newer 52-->
<!--Checking date 2000-2-24 with count of newer 53-->

         
<!--Search for dates that are later or equal to 2014-8-25 in
          org-openide-util/apichanges.html-->
<!--Checking date 2014-7-9 with count of newer 0--><!--year equal-->
<!--Checking date 2014-1-20 with count of newer 1--><!--year equal-->
<!--Checking date 2013-12-6 with count of newer 2-->
<!--Checking date 2013-5-1 with count of newer 3-->
<!--Checking date 2012-11-14 with count of newer 4-->
<!--Checking date 2012-6-11 with count of newer 5-->
<!--Checking date 2012-3-8 with count of newer 6-->
<!--Checking date 2012-1-3 with count of newer 7-->
<!--Checking date 2011-12-13 with count of newer 8-->
<!--Checking date 2011-10-12 with count of newer 9-->
<!--Checking date 2011-9-20 with count of newer 10-->
<!--Checking date 2011-9-20 with count of newer 10-->
<!--Checking date 2011-2-1 with count of newer 12-->
<!--Checking date 2011-1-10 with count of newer 13-->
<!--Checking date 2010-12-22 with count of newer 14-->
<!--Checking date 2010-12-8 with count of newer 15-->
<!--Checking date 2010-9-8 with count of newer 16-->
<!--Checking date 2010-4-13 with count of newer 17-->
<!--Checking date 2010-4-7 with count of newer 18-->
<!--Checking date 2010-4-2 with count of newer 19-->
<!--Checking date 2010-1-21 with count of newer 20-->
<!--Checking date 2010-1-21 with count of newer 20-->
<!--Checking date 2009-12-20 with count of newer 22-->
<!--Checking date 2009-10-30 with count of newer 23-->
<!--Checking date 2009-9-10 with count of newer 24-->
<!--Checking date 2009-8-5 with count of newer 25-->
<!--Checking date 2009-7-29 with count of newer 26-->
<!--Checking date 2009-7-14 with count of newer 27-->
<!--Checking date 2009-6-8 with count of newer 28-->
<!--Checking date 2009-1-26 with count of newer 29-->
<!--Checking date 2009-1-8 with count of newer 30-->
<!--Checking date 2008-9-16 with count of newer 31-->
<!--Checking date 2008-8-8 with count of newer 32-->
<!--Checking date 2008-7-11 with count of newer 33-->
<!--Checking date 2008-6-27 with count of newer 34-->
<!--Checking date 2008-6-6 with count of newer 35-->
<!--Checking date 2008-1-3 with count of newer 36-->
<!--Checking date 2007-10-23 with count of newer 37-->
<!--Checking date 2007-3-26 with count of newer 38-->
<!--Checking date 2007-1-11 with count of newer 39-->
<!--Checking date 2006-12-8 with count of newer 40-->
<!--Checking date 2006-11-13 with count of newer 41-->
<!--Checking date 2006-11-10 with count of newer 42-->
<!--Checking date 2006-7-4 with count of newer 43-->
<!--Checking date 2006-6-20 with count of newer 44-->
<!--Checking date 2006-6-5 with count of newer 45-->
<!--Checking date 2006-4-15 with count of newer 46-->
<!--Checking date 2005-11-22 with count of newer 47-->
<!--Checking date 2005-6-12 with count of newer 48-->
<!--Checking date 2005-6-10 with count of newer 49-->
<!--Checking date 2004-11-2 with count of newer 50-->
<!--Checking date 2004-10-29 with count of newer 51-->
<!--Checking date 2004-9-30 with count of newer 52-->
<!--Checking date 2004-9-2 with count of newer 53-->
<!--Checking date 2004-6-7 with count of newer 54-->
<!--Checking date 2003-9-2 with count of newer 55-->
<!--Checking date 2003-8-12 with count of newer 56-->
<!--Checking date 2003-8-12 with count of newer 56-->
<!--Checking date 2003-4-2 with count of newer 58-->
<!--Checking date 2003-3-14 with count of newer 59-->
<!--Checking date 2003-2-5 with count of newer 60-->
<!--Checking date 2003-1-10 with count of newer 61-->
<!--Checking date 2003-1-8 with count of newer 62-->
<!--Checking date 2002-12-24 with count of newer 63-->
<!--Checking date 2002-12-15 with count of newer 64-->
<!--Checking date 2002-12-2 with count of newer 65-->
<!--Checking date 2002-11-11 with count of newer 66-->
<!--Checking date 2002-11-3 with count of newer 67-->
<!--Checking date 2002-10-7 with count of newer 68-->
<!--Checking date 2002-8-6 with count of newer 69-->
<!--Checking date 2002-4-15 with count of newer 70-->
<!--Checking date 2002-2-26 with count of newer 71-->
<!--Checking date 2002-1-17 with count of newer 72-->
<!--Checking date 2001-10-18 with count of newer 73-->
<!--Checking date 2001-8-8 with count of newer 74-->
<!--Checking date 2001-6-27 with count of newer 75-->
<!--Checking date 2001-4-27 with count of newer 76-->
<!--Checking date 2001-3-9 with count of newer 77-->
<!--Checking date 2001-3-5 with count of newer 78-->
<!--Checking date 2001-3-3 with count of newer 79-->
<!--Checking date 2001-2-16 with count of newer 80-->
<!--Checking date 2001-1-26 with count of newer 81-->
<!--Checking date 2001-1-25 with count of newer 82-->
<!--Checking date 2001-1-1 with count of newer 83-->
<!--Checking date 2000-12-20 with count of newer 84-->
<!--Checking date 2000-12-15 with count of newer 85-->
<!--Checking date 2000-12-2 with count of newer 86-->
<!--Checking date 2000-11-30 with count of newer 87-->
<!--Checking date 2000-10-6 with count of newer 88-->
<!--Checking date 2000-8-18 with count of newer 89-->
<!--Checking date 2000-8-11 with count of newer 90-->
<!--Checking date 2000-7-20 with count of newer 91-->
<!--Checking date 2000-4-11 with count of newer 92-->
<!--Checking date 2000-4-11 with count of newer 92-->
<!--Checking date 2000-3-23 with count of newer 94-->
<!--Checking date 2000-3-9 with count of newer 95-->

         
<!--Search for dates that are later or equal to 2014-8-25 in
          org-openide-util-lookup/apichanges.html-->
<!--Checking date 2012-3-27 with count of newer 0-->
<!--Checking date 2012-3-10 with count of newer 1-->
<!--Checking date 2010-1-15 with count of newer 2-->
<!--Checking date 2009-12-20 with count of newer 3-->
<!--Checking date 2009-6-19 with count of newer 4-->
<!--Checking date 2008-11-1 with count of newer 5-->
<!--Checking date 2008-6-27 with count of newer 6-->
<!--Checking date 2007-4-17 with count of newer 7-->
<!--Checking date 2006-4-3 with count of newer 8-->
<!--Checking date 2005-11-11 with count of newer 9-->
<!--Checking date 2005-1-14 with count of newer 10-->
<!--Checking date 2004-5-9 with count of newer 11-->
<!--Checking date 2003-7-9 with count of newer 12-->
<!--Checking date 2003-2-5 with count of newer 13-->
<!--Checking date 2003-1-7 with count of newer 14-->
<!--Checking date 2002-9-20 with count of newer 15-->
<!--Checking date 2002-7-22 with count of newer 16-->
<!--Checking date 2002-5-28 with count of newer 17-->
<!--Checking date 2001-8-18 with count of newer 18-->
<!--Checking date 2001-7-8 with count of newer 19-->
<!--Checking date 2001-6-1 with count of newer 20-->
<!--Checking date 2001-5-25 with count of newer 21-->
<!--Checking date 2001-3-1 with count of newer 22-->
<!--Checking date - - with count of newer 0-->

         
<!--Search for dates that are later or equal to 2014-8-25 in
          org-openide-windows/apichanges.html-->
<!--Checking date 2014-2-20 with count of newer 0--><!--year equal-->
<!--Checking date 2014-2-3 with count of newer 1--><!--year equal-->
<!--Checking date 2013-8-13 with count of newer 2-->
<!--Checking date 2013-4-17 with count of newer 3-->
<!--Checking date 2012-8-31 with count of newer 4-->
<!--Checking date 2012-7-4 with count of newer 5-->
<!--Checking date 2012-3-31 with count of newer 6-->
<!--Checking date 2012-3-21 with count of newer 7-->
<!--Checking date 2012-3-7 with count of newer 8-->
<!--Checking date 2012-3-7 with count of newer 8-->
<!--Checking date 2012-2-14 with count of newer 10-->
<!--Checking date 2012-1-25 with count of newer 11-->
<!--Checking date 2011-11-12 with count of newer 12-->
<!--Checking date 2011-10-19 with count of newer 13-->
<!--Checking date 2011-6-7 with count of newer 14-->
<!--Checking date 2011-6-6 with count of newer 15-->
<!--Checking date 2011-2-15 with count of newer 16-->
<!--Checking date 2010-11-30 with count of newer 17-->
<!--Checking date 2010-11-23 with count of newer 18-->
<!--Checking date 2010-1-14 with count of newer 19-->
<!--Checking date 2009-7-15 with count of newer 20-->
<!--Checking date 2009-1-29 with count of newer 21-->
<!--Checking date 2008-7-8 with count of newer 22-->
<!--Checking date 2008-6-6 with count of newer 23-->
<!--Checking date 2008-5-27 with count of newer 24-->
<!--Checking date 2008-3-27 with count of newer 25-->
<!--Checking date 2007-10-23 with count of newer 26-->
<!--Checking date 2007-10-9 with count of newer 27-->
<!--Checking date 2007-5-3 with count of newer 28-->
<!--Checking date 2007-4-6 with count of newer 29-->
<!--Checking date 2007-3-6 with count of newer 30-->
<!--Checking date 2007-2-22 with count of newer 31-->
<!--Checking date 2006-11-23 with count of newer 32-->
<!--Checking date 2006-11-10 with count of newer 33-->
<!--Checking date 2006-10-17 with count of newer 34-->
<!--Checking date 2006-10-12 with count of newer 35-->
<!--Checking date 2006-8-23 with count of newer 36-->
<!--Checking date 2006-5-30 with count of newer 37-->
<!--Checking date 2005-10-31 with count of newer 38-->
<!--Checking date 2005-3-21 with count of newer 39-->
<!--Checking date 2004-11-17 with count of newer 40-->
<!--Checking date 2004-1-20 with count of newer 41-->
<!--Checking date 2004-1-7 with count of newer 42-->
<!--Checking date 2003-12-27 with count of newer 43-->
<!--Checking date 2003-11-25 with count of newer 44-->
<!--Checking date 2003-11-12 with count of newer 45-->
<!--Checking date 2003-4-2 with count of newer 46-->
<!--Checking date 2003-2-27 with count of newer 47-->
<!--Checking date 2003-2-20 with count of newer 48-->
<!--Checking date 2002-11-1 with count of newer 49-->
<!--Checking date 2002-10-15 with count of newer 50-->
<!--Checking date 2002-7-1 with count of newer 51-->
<!--Checking date 2002-6-14 with count of newer 52-->
<!--Checking date 2002-5-10 with count of newer 53-->
<!--Checking date 2002-4-23 with count of newer 54-->
<!--Checking date 2002-3-21 with count of newer 55-->
<!--Checking date 2002-1-6 with count of newer 56-->
<!--Checking date 2001-7-27 with count of newer 57-->
<!--Checking date 2001-4-11 with count of newer 58-->
<!--Checking date 2001-3-7 with count of newer 59-->
<!--Checking date 2001-1-15 with count of newer 60-->
<!--Checking date 2001-1-9 with count of newer 61-->
<!--Checking date 2000-6-16 with count of newer 62-->
            </changes>
        